date,close,turnover
2019-01-02,0.528,0.03
2019-01-03,0.524,0.01
2019-01-04,0.539,0.04
2019-01-07,0.55,0.03
2019-01-08,0.548,0.04
2019-01-09,0.549,0.03
2019-01-10,0.547,0.02
2019-01-11,0.552,0.02
2019-01-14,0.549,0.02
2019-01-15,0.555,0.03
2019-01-16,0.556,0.03
2019-01-17,0.549,0.01
2019-01-18,0.554,0.03
2019-01-21,0.557,0.03
2019-01-22,0.551,0.03
2019-01-23,0.551,0.02
2019-01-24,0.555,0.03
2019-01-25,0.552,0.04
2019-01-28,0.547,0.03
2019-01-29,0.537,0.06
2019-01-30,0.53,0.04
2019-01-31,0.522,0.07
2019-02-01,0.537,0.04
2019-02-11,0.553,0.07
2019-02-12,0.56,0.11
2019-02-13,0.57,0.09
2019-02-14,0.572,0.08
2019-02-15,0.57,0.1
2019-02-18,0.592,0.1
2019-02-19,0.595,0.14
2019-02-20,0.594,0.09
2019-02-21,0.593,0.09
2019-02-22,0.606,0.08
2019-02-25,0.641,0.12
2019-02-26,0.64,0.18
2019-02-27,0.635,0.11
2019-02-28,0.638,0.06
2019-03-01,0.643,0.12
2019-03-04,0.657,0.16
2019-03-05,0.679,0.08
2019-03-06,0.694,0.29
2019-03-07,0.708,0.25
2019-03-08,0.683,0.29
2019-03-11,0.707,0.21
2019-03-12,0.723,0.24
2019-03-13,0.703,0.17
2019-03-14,0.682,0.15
2019-03-15,0.692,0.14
2019-03-18,0.709,0.11
2019-03-19,0.71,0.14
2019-03-20,0.708,0.13
2019-03-21,0.719,0.18
2019-03-22,0.721,0.1
2019-03-25,0.715,0.08
2019-03-26,0.694,0.17
2019-03-27,0.699,0.18
2019-03-28,0.689,0.14
2019-03-29,0.71,0.16
2019-04-01,0.739,0.2
2019-04-02,0.743,0.16
2019-04-03,0.749,0.12
2019-04-04,0.753,0.15
2019-04-08,0.746,0.17
2019-04-09,0.749,0.13
2019-04-10,0.747,0.17
2019-04-11,0.731,0.14
2019-04-12,0.733,0.17
2019-04-15,0.727,0.12
2019-04-16,0.742,0.14
2019-04-17,0.749,0.16
2019-04-18,0.745,0.16
2019-04-19,0.752,0.16
2019-04-22,0.742,0.14
2019-04-23,0.729,0.14
2019-04-24,0.738,0.13
2019-04-25,0.708,0.17
2019-04-26,0.7,0.15
2019-04-29,0.675,0.18
2019-04-30,0.682,0.16
2019-05-06,0.626,0.22
2019-05-07,0.637,0.17
2019-05-08,0.636,0.21
2019-05-09,0.63,0.08
2019-05-10,0.655,0.19
2019-05-13,0.648,0.08
2019-05-14,0.645,0.12
2019-05-15,0.66,0.09
2019-05-16,0.664,0.09
2019-05-17,0.642,0.11
2019-05-20,0.639,0.13
2019-05-21,0.651,0.17
2019-05-22,0.65,0.08
2019-05-23,0.635,0.08
2019-05-24,0.627,0.11
2019-05-27,0.646,0.13
2019-05-28,0.645,0.15
2019-05-29,0.647,0.05
2019-05-30,0.644,0.09
2019-05-31,0.643,0.05
2019-06-03,0.635,0.16
2019-06-04,0.622,0.16
2019-06-05,0.624,0.03
2019-06-06,0.608,0.16
2019-06-10,0.616,0.12
2019-06-11,0.64,0.2
2019-06-12,0.635,0.07
2019-06-13,0.639,0.15
2019-06-14,0.625,0.1
2019-06-17,0.624,0.14
2019-06-18,0.624,0.03
2019-06-19,0.633,0.15
2019-06-20,0.644,0.23
2019-06-21,0.656,0.58
2019-06-24,0.654,0.16
2019-06-25,0.648,0.2
2019-06-26,0.648,0.1
2019-06-27,0.654,0.14
2019-06-28,0.644,0.11
2019-07-01,0.665,0.23
2019-07-02,0.665,0.1
2019-07-03,0.659,0.12
2019-07-04,0.656,0.12
2019-07-05,0.659,0.15
2019-07-08,0.636,0.14
2019-07-09,0.639,0.18
2019-07-10,0.634,0.08
2019-07-11,0.633,0.1
2019-07-12,0.635,0.19
2019-07-15,0.64,0.09
2019-07-16,0.643,0.07
2019-07-17,0.644,0.06
2019-07-18,0.634,0.11
2019-07-19,0.64,0.43
2019-07-22,0.625,1.56
2019-07-23,0.638,1.14
2019-07-24,0.645,0.61
2019-07-25,0.65,0.28
2019-07-26,0.651,0.05
2019-07-29,0.65,0.05
2019-07-30,0.653,0.12
2019-07-31,0.648,0.09
2019-08-01,0.645,0.11
2019-08-02,0.636,0.12
2019-08-05,0.627,0.13
2019-08-06,0.612,0.17
2019-08-07,0.611,0.12
2019-08-08,0.619,0.81
2019-08-09,0.616,0.25
2019-08-12,0.626,0.27
2019-08-13,0.624,0.13
2019-08-14,0.629,0.1
2019-08-15,0.631,0.13
2019-08-16,0.636,0.14
2019-08-19,0.657,0.16
2019-08-20,0.656,0.11
2019-08-21,0.657,0.05
2019-08-22,0.66,0.14
2019-08-23,0.658,0.06
2019-08-26,0.655,0.07
2019-08-27,0.668,0.14
2019-08-28,0.665,0.08
2019-08-29,0.666,0.07
2019-08-30,0.658,0.14
2019-09-02,0.674,0.13
2019-09-03,0.679,0.1
2019-09-04,0.686,0.09
2019-09-05,0.69,0.14
2019-09-06,0.694,0.07
2019-09-09,0.715,0.11
2019-09-10,0.715,0.11
2019-09-11,0.707,0.09
2019-09-12,0.712,0.1
2019-09-16,0.713,0.08
2019-09-17,0.699,0.1
2019-09-18,0.697,0.07
2019-09-19,0.703,0.1
2019-09-20,0.704,0.05
2019-09-23,0.7,0.07
2019-09-24,0.701,0.12
2019-09-25,0.688,0.11
2019-09-26,0.666,0.13
2019-09-27,0.672,0.14
2019-09-30,0.663,0.13
2019-10-08,0.665,0.06
2019-10-09,0.671,0.08
2019-10-10,0.681,0.11
2019-10-11,0.682,0.08
2019-10-14,0.692,0.09
2019-10-15,0.683,0.12
2019-10-16,0.678,0.11
2019-10-17,0.678,0.08
2019-10-18,0.67,0.1
2019-10-21,0.666,0.12
2019-10-22,0.674,0.16
2019-10-23,0.669,0.08
2019-10-24,0.668,0.08
2019-10-25,0.673,0.13
2019-10-28,0.691,0.18
2019-10-29,0.683,0.18
2019-10-30,0.677,0.17
2019-10-31,0.669,0.1
2019-11-01,0.675,0.06
2019-11-04,0.679,0.13
2019-11-05,0.682,0.06
2019-11-06,0.675,0.09
2019-11-07,0.679,0.07
2019-11-08,0.679,0.23
2019-11-11,0.661,0.12
2019-11-12,0.662,0.1
2019-11-13,0.66,0.05
2019-11-14,0.663,0.08
2019-11-15,0.657,0.15
2019-11-18,0.661,0.13
2019-11-19,0.675,0.14
2019-11-20,0.669,0.13
2019-11-21,0.67,0.12
2019-11-22,0.662,0.12
2019-11-25,0.657,0.11
2019-11-26,0.657,0.07
2019-11-27,0.658,0.11
2019-11-28,0.656,0.1
2019-11-29,0.655,0.12
2019-12-02,0.657,0.07
2019-12-03,0.661,0.08
2019-12-04,0.662,0.1
2019-12-05,0.668,0.12
2019-12-06,0.674,0.08
2019-12-09,0.674,0.16
2019-12-10,0.678,0.11
2019-12-11,0.676,0.14
2019-12-12,0.676,0.16
2019-12-13,0.687,0.12
2019-12-16,0.699,0.16
2019-12-17,0.707,0.13
2019-12-18,0.707,0.12
2019-12-19,0.713,0.13
2019-12-20,0.703,0.11
2019-12-23,0.686,0.15
2019-12-24,0.7,0.19
2019-12-25,0.705,0.12
2019-12-26,0.711,0.13
2019-12-27,0.705,0.12
2019-12-30,0.71,0.13
2019-12-31,0.714,0.05
2020-01-02,0.728,0.17
2020-01-03,0.731,0.07
2020-01-06,0.738,0.11
2020-01-07,0.75,0.08
2020-01-08,0.741,0.09
2020-01-09,0.751,0.12
2020-01-10,0.75,0.11
2020-01-13,0.76,0.09
2020-01-14,0.758,0.09
2020-01-15,0.757,0.09
2020-01-16,0.758,0.11
2020-01-17,0.754,0.16
2020-01-20,0.765,0.09
2020-01-21,0.757,0.15
2020-01-22,0.762,0.13
2020-01-23,0.735,0.19
2020-02-03,0.662,0.1
2020-02-04,0.671,0.1
2020-02-05,0.694,0.16
2020-02-06,0.713,0.11
2020-02-07,0.72,0.12
2020-02-10,0.73,0.11
2020-02-11,0.728,0.1
2020-02-12,0.745,0.08
2020-02-13,0.741,0.11
2020-02-14,0.744,0.12
2020-02-17,0.772,0.16
2020-02-18,0.792,0.16
2020-02-19,0.786,0.2
2020-02-20,0.798,0.13
2020-02-21,0.816,0.17
2020-02-24,0.832,0.29
2020-02-25,0.836,0.22
2020-02-26,0.809,0.14
2020-02-27,0.809,0.16
2020-02-28,0.759,0.25
2020-03-02,0.8,0.21
2020-03-03,0.806,0.17
2020-03-04,0.81,0.19
2020-03-05,0.824,0.15
2020-03-06,0.819,0.1
2020-03-09,0.786,0.1
2020-03-10,0.807,0.1
2020-03-11,0.796,0.09
2020-03-12,0.778,0.1
2020-03-13,0.773,0.11
2020-03-16,0.735,0.13
2020-03-17,0.734,0.25
2020-03-18,0.723,0.21
2020-03-19,0.73,0.13
2020-03-20,0.74,0.1
2020-03-23,0.707,0.1
2020-03-24,0.718,0.1
2020-03-25,0.735,0.11
2020-03-26,0.729,0.06
2020-03-27,0.725,0.07
2020-03-30,0.705,0.1
2020-03-31,0.705,0.1
2020-04-01,0.703,0.1
2020-04-02,0.721,0.06
2020-04-03,0.716,0.04
2020-04-07,0.742,0.1
2020-04-08,0.743,0.05
2020-04-09,0.752,0.09
2020-04-10,0.74,0.15
2020-04-13,0.727,0.09
2020-04-14,0.741,0.12
2020-04-15,0.735,0.09
2020-04-16,0.743,0.07
2020-04-17,0.744,0.07
2020-04-20,0.758,0.12
2020-04-21,0.752,0.07
2020-04-22,0.759,0.08
2020-04-23,0.755,0.06
2020-04-24,0.743,0.08
2020-04-27,0.737,0.06
2020-04-28,0.727,0.1
2020-04-29,0.727,0.05
2020-04-30,0.745,0.08
2020-05-06,0.759,0.08
2020-05-07,0.758,0.05
2020-05-08,0.768,0.06
2020-05-11,0.766,0.05
2020-05-12,0.768,0.08
2020-05-13,0.774,0.05
2020-05-14,0.768,0.03
2020-05-15,0.772,0.04
2020-05-18,0.767,0.05
2020-05-19,0.779,0.07
2020-05-20,0.773,0.1
2020-05-21,0.76,0.08
2020-05-22,0.746,0.05
2020-05-25,0.746,0.06
2020-05-26,0.763,0.07
2020-05-27,0.758,0.07
2020-05-28,0.756,0.05
2020-05-29,0.765,0.05
2020-06-01,0.79,0.08
2020-06-02,0.789,0.06
2020-06-03,0.788,0.07
2020-06-04,0.793,0.09
2020-06-05,0.792,0.05
2020-06-08,0.792,0.07
2020-06-09,0.797,0.12
2020-06-10,0.796,0.06
2020-06-11,0.794,0.13
2020-06-12,0.795,0.07
2020-06-15,0.795,0.12
2020-06-16,0.811,0.09
2020-06-17,0.814,0.1
2020-06-18,0.812,0.11
2020-06-19,0.819,0.13
2020-06-22,0.823,0.06
2020-06-23,0.825,0.13
2020-06-24,0.822,0.07
2020-06-29,0.821,0.04
2020-06-30,0.833,0.05
2020-07-01,0.838,0.07
2020-07-02,0.848,0.08
2020-07-03,0.859,0.13
2020-07-06,0.895,0.15
2020-07-07,0.906,0.12
2020-07-08,0.924,0.1
2020-07-09,0.956,0.21
2020-07-10,0.953,0.15
2020-07-13,0.999,0.16
2020-07-14,0.984,0.18
2020-07-15,0.951,0.14
2020-07-16,0.904,0.12
2020-07-17,0.909,0.13
2020-07-20,0.939,0.12
2020-07-21,0.946,0.08
2020-07-22,0.956,0.09
2020-07-23,0.955,0.09
2020-07-24,0.91,0.1
2020-07-27,0.911,0.07
2020-07-28,0.921,0.08
2020-07-29,0.95,0.08
2020-07-30,0.947,0.07
2020-07-31,0.963,0.09
2020-08-03,0.995,0.09
2020-08-04,0.99,0.18
2020-08-05,0.998,0.09
2020-08-06,1.004,0.14
2020-08-07,0.988,0.17
2020-08-10,0.993,0.09
2020-08-11,0.97,0.1
2020-08-12,0.954,0.08
2020-08-13,0.958,0.06
2020-08-14,0.972,0.06
2020-08-17,0.993,0.1
2020-08-18,1.003,0.08
2020-08-19,0.984,0.07
2020-08-20,0.969,0.06
2020-08-21,0.979,0.21
2020-08-24,0.99,0.23
2020-08-25,0.991,0.07
2020-08-26,0.965,0.08
2020-08-27,0.978,0.08
2020-08-28,0.991,0.1
2020-08-31,0.991,0.11
2020-09-01,0.997,0.07
2020-09-02,1.001,0.09
2020-09-03,0.99,0.06
2020-09-04,0.99,0.07
2020-09-07,0.971,0.07
2020-09-08,0.98,0.07
2020-09-09,0.948,0.09
2020-09-10,0.917,0.08
2020-09-11,0.931,0.07
2020-09-14,0.943,0.05
2020-09-15,0.95,0.07
2020-09-16,0.942,0.07
2020-09-17,0.947,0.15
2020-09-18,0.963,0.08
2020-09-21,0.963,0.07
2020-09-22,0.944,0.17
2020-09-23,0.954,0.15
2020-09-24,0.929,0.34
2020-09-25,0.924,0.28
2020-09-28,0.913,0.11
2020-09-29,0.922,0.15
2020-09-30,0.917,0.49
2020-10-09,0.944,0.55
2020-10-12,0.977,0.33
2020-10-13,0.981,0.25
2020-10-14,0.971,0.11
2020-10-15,0.963,0.05
2020-10-16,0.961,0.08
2020-10-19,0.954,0.11
2020-10-20,0.965,0.13
2020-10-21,0.951,0.14
2020-10-22,0.945,0.12
2020-10-23,0.928,0.13
2020-10-26,0.927,0.14
2020-10-27,0.934,0.14
2020-10-28,0.933,0.16
2020-10-29,0.934,0.13
2020-10-30,0.91,0.14
2020-11-02,0.91,0.14
2020-11-03,0.93,0.19
2020-11-04,0.925,0.17
2020-11-05,0.943,0.16
2020-11-06,0.935,0.19
2020-11-09,0.958,0.21
2020-11-10,0.948,0.17
2020-11-11,0.932,0.17
2020-11-12,0.935,0.16
2020-11-13,0.937,0.17
2020-11-16,0.949,0.15
2020-11-17,0.937,0.19
2020-11-18,0.939,0.16
2020-11-19,0.944,0.15
2020-11-20,0.951,0.19
2020-11-23,0.959,0.21
2020-11-24,0.955,0.15
2020-11-25,0.94,0.15
2020-11-26,0.933,0.19
2020-11-27,0.936,0.14
2020-11-30,0.931,0.17
2020-12-01,0.945,0.16
2020-12-02,0.946,0.15
2020-12-03,0.944,0.12
2020-12-04,0.952,0.18
2020-12-07,0.949,0.13
2020-12-08,0.947,0.16
2020-12-09,0.931,0.11
2020-12-10,0.931,0.14
2020-12-11,0.918,0.16
2020-12-14,0.926,0.18
2020-12-15,0.929,0.12
2020-12-16,0.92,0.1
2020-12-17,0.93,0.15
2020-12-18,0.928,0.16
2020-12-21,0.944,0.19
2020-12-22,0.926,0.3
2020-12-23,0.932,0.39
2020-12-24,0.921,0.26
2020-12-25,0.925,0.71
2020-12-28,0.922,0.16
2020-12-29,0.917,0.16
2020-12-30,0.919,0.16
2020-12-31,0.938,0.5
2021-01-04,0.956,0.61
2021-01-05,0.958,0.37
2021-01-06,0.948,0.28
2021-01-07,0.933,0.33
2021-01-08,0.928,0.26
2021-01-11,0.912,0.29
2021-01-12,0.93,0.29
2021-01-13,0.919,0.23
2021-01-14,0.918,0.53
2021-01-15,0.923,0.36
2021-01-18,0.943,0.35
2021-01-19,0.934,0.33
2021-01-20,0.939,0.3
2021-01-21,0.95,0.31
2021-01-22,0.948,0.31
2021-01-25,0.938,0.25
2021-01-26,0.925,0.22
2021-01-27,0.924,0.25
2021-01-28,0.906,0.4
2021-01-29,0.893,0.35
2021-02-01,0.899,0.18
2021-02-02,0.907,0.27
2021-02-03,0.893,0.21
2021-02-04,0.874,0.37
2021-02-05,0.858,0.32
2021-02-08,0.862,0.33
2021-02-09,0.889,0.46
2021-02-10,0.894,0.4
2021-02-18,0.913,0.5
2021-02-19,0.929,0.5
2021-02-22,0.93,1.18
2021-02-23,0.92,0.7
2021-02-24,0.914,0.79
2021-02-25,0.91,0.48
2021-02-26,0.896,0.48
2021-03-01,0.92,0.64
2021-03-02,0.92,0.74
2021-03-03,0.931,0.55
2021-03-04,0.916,1.02
2021-03-05,0.917,0.6
2021-03-08,0.894,0.58
2021-03-09,0.869,0.63
2021-03-10,0.859,0.45
2021-03-11,0.883,0.53
2021-03-12,0.885,0.45
2021-03-15,0.876,0.58
2021-03-16,0.886,0.57
2021-03-17,0.889,0.52
2021-03-18,0.89,0.57
2021-03-19,0.888,0.64
2021-03-22,0.903,0.64
2021-03-23,0.895,0.67
2021-03-24,0.876,0.56
2021-03-25,0.878,0.79
2021-03-26,0.893,0.72
2021-03-29,0.895,0.52
2021-03-30,0.894,0.46
2021-03-31,0.894,0.51
2021-04-01,0.899,0.51
2021-04-02,0.9,0.49
2021-04-06,0.911,0.75
2021-04-07,0.911,0.71
2021-04-08,0.909,0.69
2021-04-09,0.91,0.92
2021-04-12,0.888,0.73
2021-04-13,0.885,0.7
2021-04-14,0.897,0.7
2021-04-15,0.895,0.53
2021-04-16,0.907,0.64
2021-04-19,0.918,0.8
2021-04-20,0.916,0.76
2021-04-21,0.917,0.68
2021-04-22,0.921,0.59
2021-04-23,0.918,0.65
2021-04-26,0.912,0.64
2021-04-27,0.91,0.67
2021-04-28,0.915,0.69
2021-04-29,0.911,0.66
2021-04-30,0.909,0.64
2021-05-06,0.912,0.72
2021-05-07,0.902,0.72
2021-05-10,0.902,0.76
2021-05-11,0.902,0.84
2021-05-12,0.918,0.71
2021-05-13,0.909,0.65
2021-05-14,0.926,0.73
2021-05-17,0.92,0.69
2021-05-18,0.926,0.68
2021-05-19,0.924,0.62
2021-05-20,0.925,0.57
2021-05-21,0.928,0.63
2021-05-24,0.935,0.6
2021-05-25,0.945,0.52
2021-05-26,0.95,0.63
2021-05-27,0.961,0.76
2021-05-28,0.956,0.8
2021-05-31,0.977,0.74
2021-06-01,0.98,0.69
2021-06-02,0.967,0.86
2021-06-03,0.967,0.7
2021-06-04,0.973,0.65
2021-06-07,0.987,0.74
2021-06-08,0.98,0.77
2021-06-09,0.979,0.71
2021-06-10,0.994,1.08
2021-06-11,0.987,0.92
2021-06-15,0.98,0.98
2021-06-16,0.962,0.84
2021-06-17,0.977,0.73
2021-06-18,0.987,0.85
2021-06-21,1.007,1.27
2021-06-22,1.006,0.92
2021-06-23,1.018,0.74
2021-06-24,1.004,0.96
2021-06-25,1.009,0.77
2021-06-28,1.017,0.9
2021-06-29,1.009,0.75
2021-06-30,1.022,0.82
2021-07-01,1.005,0.65
2021-07-02,0.995,1.05
2021-07-05,1.014,0.85
2021-07-06,1.009,1.17
2021-07-07,1.025,0.87
2021-07-08,1.028,0.91
2021-07-09,1.032,0.94
2021-07-12,1.052,0.91
2021-07-13,1.06,1.02
2021-07-14,1.046,1.24
2021-07-15,1.043,1.16
2021-07-16,1.044,1.1
2021-07-19,1.043,1.0
2021-07-20,1.051,0.89
2021-07-21,1.07,1.01
2021-07-22,1.075,0.77
2021-07-23,1.069,0.88
2021-07-26,1.055,1.16
2021-07-27,1.025,1.34
2021-07-28,1.005,1.16
2021-07-29,1.044,1.13
2021-07-30,1.055,1.1
2021-08-02,1.078,0.96
2021-08-03,1.057,1.03
2021-08-04,1.084,0.91
2021-08-05,1.08,0.93
2021-08-06,1.086,0.91
2021-08-09,1.087,1.07
2021-08-10,1.096,1.05
2021-08-11,1.105,0.94
2021-08-12,1.113,1.06
2021-08-13,1.112,1.21
2021-08-16,1.098,1.14
2021-08-17,1.067,1.19
2021-08-18,1.078,1.35
2021-08-19,1.087,1.15
2021-08-20,1.091,1.24
2021-08-23,1.113,1.52
2021-08-24,1.124,1.24
2021-08-25,1.127,1.19
2021-08-26,1.113,1.15
2021-08-27,1.116,1.42
2021-08-30,1.121,1.49
2021-08-31,1.124,1.41
2021-09-01,1.103,1.27
2021-09-02,1.12,1.09
2021-09-03,1.108,1.4
2021-09-06,1.124,1.12
2021-09-07,1.145,1.3
2021-09-08,1.152,1.09
2021-09-09,1.146,0.89
2021-09-10,1.154,1.39
2021-09-13,1.155,0.8
2021-09-14,1.15,1.02
2021-09-15,1.16,0.9
2021-09-16,1.124,1.61
2021-09-17,1.126,1.63
2021-09-22,1.131,0.9
2021-09-23,1.134,0.93
2021-09-24,1.118,1.14
2021-09-27,1.082,1.25
2021-09-28,1.084,0.87
2021-09-29,1.049,0.89
2021-09-30,1.074,0.9
2021-10-08,1.08,0.72
2021-10-11,1.073,0.8
2021-10-12,1.046,0.85
2021-10-13,1.058,0.72
2021-10-14,1.067,0.78
2021-10-15,1.068,0.56
2021-10-18,1.078,0.71
2021-10-19,1.09,0.72
2021-10-20,1.094,0.87
2021-10-21,1.086,0.72
2021-10-22,1.079,1.09
2021-10-25,1.095,0.71
2021-10-26,1.093,0.66
2021-10-27,1.081,0.74
2021-10-28,1.057,0.72
2021-10-29,1.075,0.61
2021-11-01,1.083,0.58
2021-11-02,1.072,0.68
2021-11-03,1.073,0.59
2021-11-04,1.087,0.54
2021-11-05,1.072,0.64
2021-11-08,1.079,0.76
2021-11-09,1.094,0.74
2021-11-10,1.095,0.81
2021-11-11,1.106,0.76
2021-11-12,1.12,0.92
2021-11-15,1.116,1.16
2021-11-16,1.104,0.96
2021-11-17,1.125,1.16
2021-11-18,1.121,1.32
2021-11-19,1.135,1.15
2021-11-22,1.159,1.4
2021-11-23,1.156,0.94
2021-11-24,1.155,1.04
2021-11-25,1.151,0.86
2021-11-26,1.154,0.83
2021-11-29,1.164,0.93
2021-11-30,1.171,1.71
2021-12-01,1.172,1.51
2021-12-02,1.157,1.18
2021-12-03,1.164,1.03
2021-12-06,1.147,1.5
2021-12-07,1.129,1.57
2021-12-08,1.148,1.17
2021-12-09,1.155,1.02
2021-12-10,1.168,0.81
2021-12-13,1.159,0.86
2021-12-14,1.162,0.95
2021-12-15,1.158,0.82
2021-12-16,1.162,0.7
2021-12-17,1.147,0.89
2021-12-20,1.128,0.82
2021-12-21,1.142,0.68
2021-12-22,1.151,1.02
2021-12-23,1.151,0.7
2021-12-24,1.132,0.88
2021-12-27,1.132,0.53
2021-12-28,1.143,0.66
2021-12-29,1.143,0.64
2021-12-30,1.152,0.64
2021-12-31,1.166,0.72
2022-01-04,1.161,0.96
2022-01-05,1.131,1.2
2022-01-06,1.138,1.35
2022-01-07,1.118,1.36
2022-01-10,1.123,1.06
2022-01-11,1.112,0.93
2022-01-12,1.132,0.86
2022-01-13,1.111,0.98
2022-01-14,1.115,0.85
2022-01-17,1.136,0.93
2022-01-18,1.13,1.01
2022-01-19,1.114,0.94
2022-01-20,1.09,1.03
2022-01-21,1.073,0.96
2022-01-24,1.079,1.06
2022-01-25,1.037,1.13
2022-01-26,1.044,1.33
2022-01-27,1.012,1.02
2022-01-28,1.016,0.99
2022-02-07,1.026,1.03
2022-02-08,1.034,1.1
2022-02-09,1.048,0.9
2022-02-10,1.045,1.09
2022-02-11,1.023,1.11
2022-02-14,1.016,0.92
2022-02-15,1.037,1.06
2022-02-16,1.045,0.81
2022-02-17,1.049,0.99
2022-02-18,1.053,0.8
2022-02-21,1.066,0.69
2022-02-22,1.06,1.38
2022-02-23,1.085,0.97
2022-02-24,1.059,1.48
2022-02-25,1.069,1.02
2022-02-28,1.078,0.99
2022-03-01,1.08,0.93
2022-03-02,1.078,0.76
2022-03-03,1.067,0.93
2022-03-04,1.054,0.81
2022-03-07,1.027,0.92
2022-03-08,0.996,1.26
2022-03-09,0.985,1.54
2022-03-10,1.009,1.23
2022-03-11,1.016,1.25
2022-03-14,0.988,1.38
2022-03-15,0.941,1.23
2022-03-16,0.972,1.74
2022-03-17,0.99,1.82
2022-03-18,1.0,0.92
2022-03-21,1.011,1.07
2022-03-22,1.006,0.85
2022-03-23,1.013,0.78
2022-03-24,1.0,0.87
2022-03-25,0.992,0.76
2022-03-28,0.982,0.88
2022-03-29,0.976,0.67
2022-03-30,0.999,1.75
2022-03-31,0.985,0.88
2022-04-01,0.986,0.78
2022-04-06,0.982,0.83
2022-04-07,0.963,0.76
2022-04-08,0.956,0.86
2022-04-11,0.922,1.02
2022-04-12,0.933,1.01
2022-04-13,0.916,1.29
2022-04-14,0.922,1.18
2022-04-15,0.912,1.33
2022-04-18,0.92,0.9
2022-04-19,0.923,0.86
2022-04-20,0.904,0.76
2022-04-21,0.868,0.96
2022-04-22,0.858,1.27
2022-04-25,0.793,1.55
2022-04-26,0.768,2.33
2022-04-27,0.807,1.72
2022-04-28,0.797,1.35
2022-04-29,0.835,1.47
2022-05-05,0.85,1.14
2022-05-06,0.839,1.02
2022-05-09,0.85,0.98
2022-05-10,0.864,1.25
2022-05-11,0.873,1.07
2022-05-12,0.878,0.93
2022-05-13,0.885,1.16
2022-05-16,0.887,0.84
2022-05-17,0.891,0.9
2022-05-18,0.891,1.17
2022-05-19,0.902,0.83
2022-05-20,0.91,1.12
2022-05-23,0.925,0.87
2022-05-24,0.887,1.19
2022-05-25,0.902,1.25
2022-05-26,0.91,1.36
2022-05-27,0.908,1.3
2022-05-30,0.916,0.93
2022-05-31,0.925,1.38
2022-06-01,0.929,0.86
2022-06-02,0.939,1.18
2022-06-06,0.963,1.07
2022-06-07,0.961,1.03
2022-06-08,0.964,1.17
2022-06-09,0.947,1.09
2022-06-10,0.968,0.82
2022-06-13,0.975,0.98
2022-06-14,0.975,1.35
2022-06-15,0.971,1.33
2022-06-16,0.98,1.04
2022-06-17,0.991,1.28
2022-06-20,1.0,1.13
2022-06-21,0.989,1.42
2022-06-22,0.977,1.25
2022-06-23,1.0,1.18
2022-06-24,1.011,1.52
2022-06-27,1.022,1.5
2022-06-28,1.035,2.21
2022-06-29,1.013,1.57
2022-06-30,1.021,1.27
2022-07-01,1.024,1.26
2022-07-04,1.033,1.26
2022-07-05,1.03,1.57
2022-07-06,1.017,1.86
2022-07-07,1.029,1.74
2022-07-08,1.024,1.99
2022-07-11,1.009,2.23
2022-07-12,0.991,1.99
2022-07-13,0.999,2.12
2022-07-14,1.013,1.79
2022-07-15,1.002,2.04
2022-07-18,1.017,3.2
2022-07-19,1.026,3.61
2022-07-20,1.041,4.87
2022-07-21,1.035,5.98
2022-07-22,1.028,11.46
2022-07-25,1.014,7.48
2022-07-26,1.03,9.4
2022-07-27,1.039,9.53
2022-07-28,1.047,12.52
2022-07-29,1.043,14.43
2022-08-01,1.049,11.17
2022-08-02,1.02,13.02
2022-08-03,1.012,10.12
2022-08-04,1.017,12.06
2022-08-05,1.04,8.83
2022-08-08,1.048,7.13
2022-08-09,1.053,5.83
2022-08-10,1.053,6.78
2022-08-11,1.067,9.54
2022-08-12,1.057,6.83
2022-08-15,1.064,7.35
2022-08-16,1.07,7.51
2022-08-17,1.071,7.73
2022-08-18,1.076,7.14
2022-08-19,1.058,6.9
2022-08-22,1.064,8.16
2022-08-23,1.069,8.33
2022-08-24,1.03,10.63
2022-08-25,1.027,7.72
2022-08-26,1.021,6.85
2022-08-29,1.025,7.5
2022-08-30,1.02,9.26
2022-08-31,0.988,12.08
2022-09-01,0.982,10.52
2022-09-05,0.992,3.44
2022-09-06,1.011,3.66
2022-09-07,1.017,3.01
2022-09-08,1.009,2.85
2022-09-09,1.012,3.92
2022-09-13,1.009,3.15
2022-09-14,0.998,3.13
2022-09-15,0.967,4.8
2022-09-16,0.947,4.15
2022-09-19,0.936,3.68
2022-09-20,0.947,2.82
2022-09-21,0.947,3.69
2022-09-22,0.949,3.05
2022-09-23,0.931,4.1
2022-09-26,0.918,4.01
2022-09-27,0.936,5.0
2022-09-28,0.908,3.29
2022-09-29,0.912,3.88
2022-09-30,0.894,3.49
2022-10-10,0.875,3.12
2022-10-11,0.878,3.07
2022-10-12,0.904,4.72
2022-10-13,0.914,4.62
2022-10-14,0.938,3.11
2022-10-17,0.943,3.3
2022-10-18,0.95,3.48
2022-10-19,0.944,2.96
2022-10-20,0.941,5.65
2022-10-21,0.939,3.26
2022-10-24,0.936,4.56
2022-10-25,0.928,3.73
2022-10-26,0.95,6.66
2022-10-27,0.945,4.37
2022-10-28,0.91,4.4
2022-10-31,0.92,3.91
2022-11-01,0.945,4.88
2022-11-02,0.954,3.49
2022-11-03,0.958,2.66
2022-11-04,0.984,4.07
2022-11-07,0.98,3.5
2022-11-08,0.979,3.38
2022-11-09,0.975,3.09
2022-11-10,0.966,4.18
2022-11-11,0.969,5.5
2022-11-14,0.963,5.0
2022-11-15,0.986,3.51
2022-11-16,0.978,3.39
2022-11-17,0.98,3.57
2022-11-18,0.972,4.23
2022-11-21,0.976,2.7
2022-11-22,0.962,5.64
2022-11-23,0.96,3.1
2022-11-24,0.961,2.9
2022-11-25,0.952,2.04
2022-11-28,0.948,2.93
2022-11-29,0.963,3.9
2022-11-30,0.962,3.14
2022-12-01,0.972,2.89
2022-12-02,0.975,2.77
2022-12-05,0.979,2.88
2022-12-06,0.978,3.41
2022-12-07,0.977,2.91
2022-12-08,0.973,3.44
2022-12-09,0.976,3.24
2022-12-12,0.972,2.52
2022-12-13,0.965,2.05
2022-12-14,0.959,2.64
2022-12-15,0.962,2.47
2022-12-16,0.954,3.27
2022-12-19,0.935,3.5
2022-12-20,0.925,3.6
2022-12-21,0.92,3.56
2022-12-22,0.906,2.82
2022-12-23,0.899,3.79
2022-12-26,0.915,3.54
2022-12-27,0.923,2.37
2022-12-28,0.916,3.21
2022-12-29,0.915,3.11
2022-12-30,0.916,3.32
2023-01-03,0.937,4.52
2023-01-04,0.937,3.33
2023-01-05,0.947,2.91
2023-01-06,0.949,2.56
2023-01-09,0.953,2.81
2023-01-10,0.954,2.57
2023-01-11,0.948,3.43
2023-01-12,0.948,2.93
2023-01-13,0.953,2.71
2023-01-16,0.964,6.43
2023-01-17,0.962,3.58
2023-01-18,0.965,3.11
2023-01-19,0.977,3.89
2023-01-20,0.986,6.41
2023-01-30,0.99,4.63
2023-01-31,0.993,3.97
2023-02-01,1.009,3.89
2023-02-02,1.011,4.3
2023-02-03,1.01,3.94
2023-02-06,1.007,3.54
2023-02-07,1.01,5.51
2023-02-08,1.003,3.64
2023-02-09,1.024,5.53
2023-02-10,1.018,4.22
2023-02-13,1.028,4.04
2023-02-14,1.03,2.96
2023-02-15,1.03,2.58
2023-02-16,1.011,4.68
2023-02-17,1.002,4.3
2023-02-20,1.014,4.77
2023-02-21,1.019,2.97
2023-02-22,1.022,2.55
2023-02-23,1.017,2.51
2023-02-24,1.013,2.89
2023-02-27,1.007,3.41
2023-02-28,1.015,2.56
2023-03-01,1.022,2.25
2023-03-02,1.017,2.39
2023-03-03,1.016,2.87
2023-03-06,1.019,2.63
2023-03-07,1.001,2.77
2023-03-08,1.004,2.43
2023-03-09,1.006,2.66
2023-03-10,0.992,3.07
2023-03-13,0.996,2.66
2023-03-14,0.987,2.66
2023-03-15,0.992,2.13
2023-03-16,0.977,2.49
2023-03-17,0.984,3.14
2023-03-20,0.98,2.54
2023-03-21,0.993,2.6
2023-03-22,0.997,2.25
2023-03-23,1.001,2.53
2023-03-24,1.001,2.03
2023-03-27,1.003,2.06
2023-03-28,0.997,2.29
2023-03-29,0.994,2.62
2023-03-30,0.994,2.6
2023-03-31,1.002,2.16
2023-04-03,1.016,3.02
2023-04-04,1.014,2.32
2023-04-06,1.018,2.26
2023-04-07,1.026,1.61
2023-04-10,1.017,1.96
2023-04-11,1.018,1.95
2023-04-12,1.023,2.09
2023-04-13,1.017,1.93
2023-04-14,1.023,2.08
2023-04-17,1.024,1.59
2023-04-18,1.02,1.93
2023-04-19,1.015,1.83
2023-04-20,1.015,1.97
2023-04-21,0.99,2.35
2023-04-24,0.982,2.81
2023-04-25,0.964,4.15
2023-04-26,0.967,3.03
2023-04-27,0.969,4.01
2023-04-28,0.984,3.1
2023-05-04,0.982,2.41
2023-05-05,0.971,2.4
2023-05-08,0.977,2.93
2023-05-09,0.965,2.22
2023-05-10,0.967,2.29
2023-05-11,0.966,2.0
2023-05-12,0.954,2.15
2023-05-15,0.961,2.1
2023-05-16,0.952,2.1
2023-05-17,0.957,2.42
2023-05-18,0.961,2.32
2023-05-19,0.965,2.4
2023-05-22,0.963,2.15
2023-05-23,0.954,1.96
2023-05-24,0.952,2.19
2023-05-25,0.95,2.55
2023-05-26,0.958,2.58
2023-05-29,0.957,2.0
2023-05-30,0.961,2.38
2023-05-31,0.961,2.39
2023-06-01,0.963,2.36
2023-06-02,0.97,2.4
2023-06-05,0.97,2.16
2023-06-06,0.95,2.6
2023-06-07,0.95,1.99
2023-06-08,0.945,2.05
2023-06-09,0.952,2.11
2023-06-12,0.956,2.3
2023-06-13,0.96,2.35
2023-06-14,0.964,2.12
2023-06-15,0.969,2.15
2023-06-16,0.977,2.3
2023-06-19,0.981,2.73
2023-06-20,0.982,2.65
2023-06-21,0.962,3.01
2023-06-26,0.945,4.38
2023-06-27,0.954,2.27
2023-06-28,0.953,3.78
2023-06-29,0.957,3.4
2023-06-30,0.972,2.82
2023-07-03,0.97,2.16
2023-07-04,0.974,2.49
2023-07-05,0.967,2.37
2023-07-06,0.964,2.6
2023-07-07,0.96,2.24
2023-07-10,0.96,1.85
2023-07-11,0.968,1.94
2023-07-12,0.954,2.08
2023-07-13,0.963,2.58
2023-07-14,0.962,2.09
2023-07-17,0.958,2.31
2023-07-18,0.958,1.74
2023-07-19,0.956,1.67
2023-07-20,0.943,3.65
2023-07-21,0.942,3.48
2023-07-24,0.94,1.97
2023-07-25,0.955,3.35
2023-07-26,0.951,2.3
2023-07-27,0.943,2.04
2023-07-28,0.952,3.28
2023-07-31,0.958,2.58
2023-08-01,0.956,2.03
2023-08-02,0.954,2.34
2023-08-03,0.955,2.78
2023-08-04,0.961,2.23
2023-08-07,0.956,2.05
2023-08-08,0.952,2.07
2023-08-09,0.945,2.38
2023-08-10,0.944,1.98
2023-08-11,0.927,2.29
2023-08-14,0.929,2.46
2023-08-15,0.922,2.51
2023-08-16,0.911,2.12
2023-08-17,0.918,2.53
2023-08-18,0.9,2.02
2023-08-21,0.89,2.7
2023-08-22,0.896,3.33
2023-08-23,0.879,3.15
2023-08-24,0.88,2.6
2023-08-25,0.866,3.43
2023-08-28,0.871,4.98
2023-08-29,0.897,5.79
2023-08-30,0.902,3.32
2023-08-31,0.899,2.46
2023-09-01,0.899,2.3
2023-09-04,0.912,2.66
2023-09-05,0.907,3.23
2023-09-06,0.91,2.57
2023-09-07,0.895,3.32
2023-09-08,0.897,2.6
2023-09-11,0.91,2.3
2023-09-12,0.909,1.68
2023-09-13,0.897,2.26
2023-09-14,0.894,1.93
2023-09-15,0.895,2.42
2023-09-18,0.895,2.09
2023-09-19,0.889,1.95
2023-09-20,0.881,2.27
2023-09-21,0.874,2.07
2023-09-22,0.892,2.82
2023-09-25,0.887,2.55
2023-09-26,0.883,1.82
2023-09-27,0.889,2.53
2023-09-28,0.895,2.72
2023-10-09,0.892,2.5
2023-10-10,0.889,1.98
2023-10-11,0.89,3.37
2023-10-12,0.897,2.63
2023-10-13,0.895,1.75
2023-10-16,0.885,2.64
2023-10-17,0.884,1.49
2023-10-18,0.869,2.23
2023-10-19,0.86,2.23
2023-10-20,0.851,2.31
2023-10-23,0.829,2.7
2023-10-24,0.84,2.26
2023-10-25,0.849,2.29
2023-10-26,0.855,2.1
2023-10-27,0.871,1.68
2023-10-30,0.882,1.69
2023-10-31,0.878,1.37
2023-11-01,0.877,1.31
2023-11-02,0.867,1.74
2023-11-03,0.878,2.77
2023-11-06,0.896,2.19
2023-11-07,0.899,2.29
2023-11-08,0.903,1.89
2023-11-09,0.897,1.64
2023-11-10,0.895,1.49
2023-11-13,0.904,1.44
2023-11-14,0.909,1.55
2023-11-15,0.913,1.65
2023-11-16,0.903,1.66
2023-11-17,0.913,1.63
2023-11-20,0.919,1.48
2023-11-21,0.913,1.3
2023-11-22,0.903,1.21
2023-11-23,0.912,1.68
2023-11-24,0.899,1.8
2023-11-27,0.899,1.31
2023-11-28,0.903,1.27
2023-11-29,0.9,1.22
2023-11-30,0.894,1.49
2023-12-01,0.903,1.67
2023-12-04,0.899,1.15
2023-12-05,0.882,1.39
2023-12-06,0.886,1.28
2023-12-07,0.885,1.8
2023-12-08,0.884,2.13
2023-12-11,0.893,2.81
2023-12-12,0.895,1.99
2023-12-13,0.886,1.48
2023-12-14,0.884,1.9
2023-12-15,0.877,1.94
2023-12-18,0.863,1.19
2023-12-19,0.864,1.35
2023-12-20,0.849,1.27
2023-12-21,0.853,1.63
2023-12-22,0.846,1.62
2023-12-25,0.844,1.56
2023-12-26,0.833,1.73
2023-12-27,0.838,2.01
2023-12-28,0.855,2.7
2023-12-29,0.868,1.99
2024-01-02,0.861,2.18
2024-01-03,0.856,2.09
2024-01-04,0.851,2.02
2024-01-05,0.838,1.72
2024-01-08,0.816,1.62
2024-01-09,0.816,1.63
2024-01-10,0.811,1.22
2024-01-11,0.827,1.89
2024-01-12,0.82,1.61
2024-01-15,0.817,1.19
2024-01-16,0.815,1.55
2024-01-17,0.793,1.16
2024-01-18,0.79,2.39
2024-01-19,0.78,2.48
2024-01-22,0.738,1.73
2024-01-23,0.747,1.81
2024-01-24,0.759,1.84
2024-01-25,0.785,1.96
2024-01-26,0.775,1.74
2024-01-29,0.754,1.61
2024-01-30,0.733,1.46
2024-01-31,0.706,2.05
2024-02-01,0.7,2.98
2024-02-02,0.676,3.29
2024-02-05,0.635,26.8
2024-02-06,0.678,16.54
2024-02-07,0.708,11.06
2024-02-08,0.737,7.99
2024-02-19,0.738,10.29
2024-02-20,0.74,3.14
2024-02-21,0.744,4.94
2024-02-22,0.757,2.67
2024-02-23,0.769,3.14
2024-02-26,0.771,3.09
2024-02-27,0.794,3.12
2024-02-28,0.756,6.35
2024-02-29,0.786,3.43
2024-03-01,0.795,3.47
2024-03-04,0.797,3.17
2024-03-05,0.791,10.69
2024-03-06,0.79,2.87
2024-03-07,0.778,2.81
2024-03-08,0.788,2.02
2024-03-11,0.804,3.11
2024-03-12,0.808,2.34
2024-03-13,0.81,2.03
2024-03-14,0.806,1.92
2024-03-15,0.818,2.82
2024-03-18,0.832,2.8
2024-03-19,0.824,2.47
2024-03-20,0.831,1.93
2024-03-21,0.831,1.65
2024-03-22,0.821,2.52
2024-03-25,0.803,2.76
2024-03-26,0.799,2.65
2024-03-27,0.773,2.81
2024-03-28,0.791,3.25
2024-03-29,0.799,2.92
2024-04-01,0.816,3.3
2024-04-02,0.812,2.99
2024-04-03,0.809,2.83
2024-04-08,0.793,1.78
2024-04-09,0.803,1.28
2024-04-10,0.788,1.34
2024-04-11,0.79,1.74
2024-04-12,0.784,1.44
2024-04-15,0.777,1.77
2024-04-16,0.744,3.77
2024-04-17,0.777,3.16
2024-04-18,0.776,3.37
2024-04-19,0.772,2.61
2024-04-22,0.771,1.32
2024-04-23,0.766,1.53
2024-04-24,0.78,2.4
2024-04-25,0.78,2.12
2024-04-26,0.796,4.43
2024-04-29,0.815,5.14
2024-04-30,0.807,2.52
2024-05-06,0.822,4.21
2024-05-07,0.825,2.45
2024-05-08,0.812,2.9
2024-05-09,0.826,2.07
2024-05-10,0.819,4.09
2024-05-13,0.811,2.56
2024-05-14,0.815,2.14
2024-05-15,0.808,1.22
2024-05-16,0.806,1.78
2024-05-17,0.819,2.6
2024-05-20,0.822,2.85
2024-05-21,0.813,3.49
2024-05-22,0.814,1.14
2024-05-23,0.797,1.73
2024-05-24,0.787,1.36
2024-05-27,0.797,1.48
2024-05-28,0.787,1.36
2024-05-29,0.787,1.22
2024-05-30,0.787,1.45
2024-05-31,0.789,1.63
2024-06-03,0.778,1.72
2024-06-04,0.783,1.66
2024-06-05,0.774,1.36
2024-06-06,0.758,2.38
2024-06-07,0.761,2.52
2024-06-11,0.768,1.83
2024-06-12,0.77,1.78
2024-06-13,0.765,1.16
2024-06-14,0.767,2.17
2024-06-17,0.766,1.89
2024-06-18,0.773,3.26
2024-06-19,0.763,3.14
2024-06-20,0.749,2.52
2024-06-21,0.748,1.85
2024-06-24,0.724,1.95
2024-06-25,0.718,2.09
2024-06-26,0.739,2.71
2024-06-27,0.721,2.94
2024-06-28,0.725,3.93
2024-07-01,0.731,3.5
2024-07-02,0.726,2.24
2024-07-03,0.72,1.51
2024-07-04,0.706,3.95
2024-07-05,0.713,3.06
2024-07-08,0.696,2.22
2024-07-09,0.711,5.89
2024-07-10,0.708,2.53
2024-07-11,0.726,3.4
2024-07-12,0.723,1.92
2024-07-15,0.715,5.8
2024-07-16,0.717,3.31
2024-07-17,0.712,8.99
2024-07-18,0.714,7.92
2024-07-19,0.715,4.99
2024-07-22,0.716,3.02
2024-07-23,0.696,1.86
2024-07-24,0.687,2.83
2024-07-25,0.687,2.62
2024-07-26,0.698,1.78
2024-07-29,0.695,1.04
2024-07-30,0.698,1.63
2024-07-31,0.729,7.94
2024-08-01,0.724,4.3
2024-08-02,0.714,2.45
2024-08-05,0.695,5.85
2024-08-06,0.704,3.46
2024-08-07,0.704,3.27
2024-08-08,0.704,2.25
2024-08-09,0.697,2.15
2024-08-12,0.695,1.54
2024-08-13,0.697,2.28
2024-08-14,0.69,1.5
2024-08-15,0.696,4.69
2024-08-16,0.691,2.33
2024-08-19,0.692,1.83
2024-08-20,0.68,4.09
2024-08-21,0.676,1.54
2024-08-22,0.668,2.3
2024-08-23,0.668,2.59
2024-08-26,0.671,2.52
2024-08-27,0.663,4.94
2024-08-28,0.664,3.99
2024-08-29,0.675,4.61
2024-08-30,0.688,8.72
2024-09-02,0.673,4.64
2024-09-03,0.679,4.28
2024-09-04,0.677,2.56
2024-09-05,0.682,2.39
2024-09-06,0.671,3.7
2024-09-09,0.665,2.22
2024-09-10,0.667,2.81
2024-09-11,0.667,4.67
2024-09-12,0.665,3.35
2024-09-13,0.657,3.57
2024-09-18,0.654,2.83
2024-09-19,0.667,6.08
2024-09-20,0.663,8.34
2024-09-23,0.664,2.45
2024-09-24,0.692,11.35
2024-09-25,0.696,7.37
2024-09-26,0.729,14.87
2024-09-27,0.794,7.69
2024-09-30,0.873,31.72
2024-10-08,0.924,20.35
2024-10-09,0.85,12.87
2024-10-10,0.839,11.77
2024-10-11,0.805,13.58
2024-10-14,0.835,11.45
2024-10-15,0.817,13.65
2024-10-16,0.82,5.72
2024-10-17,0.817,8.43
2024-10-18,0.854,18.76
2024-10-21,0.87,9.48
2024-10-22,0.874,8.73
2024-10-23,0.877,5.02
2024-10-24,0.871,4.53
2024-10-25,0.891,7.6
2024-10-28,0.903,5.27
2024-10-29,0.889,10.36
2024-10-30,0.895,5.47
2024-10-31,0.908,5.56
2024-11-01,0.881,7.26
2024-11-04,0.901,3.97
2024-11-05,0.932,11.04
2024-11-06,0.935,6.06
2024-11-07,0.952,4.64
2024-11-08,0.953,5.9
2024-11-11,0.975,9.43
2024-11-12,0.965,5.43
2024-11-13,0.96,5.17
2024-11-14,0.932,8.51
2024-11-15,0.91,5.21
2024-11-18,0.888,6.36
2024-11-19,0.911,5.3
2024-11-20,0.927,7.68
2024-11-21,0.93,2.49
2024-11-22,0.895,3.33
2024-11-25,0.899,2.24
2024-11-26,0.887,2.79
2024-11-27,0.909,6.51
2024-11-28,0.904,4.51
2024-11-29,0.919,8.49
2024-12-02,0.937,5.71
2024-12-03,0.935,7.47
2024-12-04,0.922,5.55
2024-12-05,0.933,3.84
2024-12-06,0.943,10.69
2024-12-09,0.935,4.58
2024-12-10,0.945,10.61
2024-12-11,0.957,4.71
2024-12-12,0.964,4.11
2024-12-13,0.945,8.29
2024-12-16,0.933,3.29
2024-12-17,0.913,4.97
2024-12-18,0.92,3.47
2024-12-19,0.923,3.22
2024-12-20,0.932,3.29
2024-12-23,0.905,5.58
2024-12-24,0.915,3.33
2024-12-25,0.906,6.37
2024-12-26,0.915,5.03
2024-12-27,0.916,3.69
2024-12-30,0.914,3.75
2024-12-31,0.885,5.9
2025-01-02,0.861,6.46
2025-01-03,0.837,9.08
2025-01-06,0.832,6.98
2025-01-07,0.844,7.24
2025-01-08,0.84,8.72
2025-01-09,0.842,4.96
2025-01-10,0.824,2.8
2025-01-13,0.826,4.02
2025-01-14,0.864,9.08
2025-01-15,0.858,6.3
2025-01-16,0.861,5.6
2025-01-17,0.867,3.88
2025-01-20,0.872,3.49
2025-01-21,0.878,4.35
2025-01-22,0.871,3.83
2025-01-23,0.866,6.45
2025-01-24,0.884,6.82
2025-01-27,0.867,5.36
2025-02-05,0.873,4.68
2025-02-06,0.896,4.35
2025-02-07,0.911,7.24
2025-02-10,0.921,6.55
2025-02-11,0.919,3.71
2025-02-12,0.933,3.36
2025-02-13,0.924,3.28
2025-02-14,0.927,3.38
2025-02-17,0.931,8.03
2025-02-18,0.913,4.88
2025-02-19,0.933,3.65
2025-02-20,0.939,3.82
2025-02-21,0.957,3.06
2025-02-24,0.958,3.95
2025-02-25,0.954,2.44
2025-02-26,0.969,2.12
2025-02-27,0.964,2.7
2025-02-28,0.931,6.89
2025-03-03,0.93,3.53
2025-03-04,0.942,3.04
2025-03-05,0.949,3.07
2025-03-06,0.969,3.03
2025-03-07,0.965,3.24
2025-03-10,0.966,3.59
2025-03-11,0.973,2.11
2025-03-12,0.974,3.22
2025-03-13,0.96,3.69
2025-03-14,0.975,4.22
2025-03-17,0.976,3.96
2025-03-18,0.98,1.7
2025-03-19,0.974,2.29
2025-03-20,0.97,2.33
2025-03-21,0.95,3.18
2025-03-24,0.943,4.07
2025-03-25,0.937,3.32
2025-03-26,0.939,2.67
2025-03-27,0.939,2.57
2025-03-28,0.93,2.77
2025-03-31,0.924,4.16
2025-04-01,0.928,3.66
2025-04-02,0.931,1.61
2025-04-03,0.921,2.92
2025-04-07,0.83,7.84
2025-04-08,0.825,33.88
2025-04-09,0.839,8.55
2025-04-10,0.859,5.75
2025-04-11,0.87,3.2
2025-04-14,0.881,3.45
2025-04-15,0.878,3.09
2025-04-16,0.867,5.67
2025-04-17,0.867,3.45
2025-04-18,0.866,4.02
2025-04-21,0.884,3.65
2025-04-22,0.884,2.29
2025-04-23,0.889,3.61
2025-04-24,0.88,2.89
2025-04-25,0.882,3.12
2025-04-28,0.873,3.33
2025-04-29,0.877,2.5
2025-04-30,0.884,3.3
2025-05-06,0.906,3.32
2025-05-07,0.907,4.71
2025-05-08,0.915,3.15
2025-05-09,0.904,2.27
2025-05-12,0.917,2.82
2025-05-13,0.914,3.21
2025-05-14,0.916,2.8
2025-05-15,0.901,2.28
2025-05-16,0.903,2.31
2025-05-19,0.907,1.9
2025-05-20,0.914,1.64
2025-05-21,0.912,1.26
2025-05-22,0.903,1.95
2025-05-23,0.892,2.23
2025-05-26,0.897,1.91
2025-05-27,0.894,2.38
2025-05-28,0.892,1.92
2025-05-29,0.908,4.02
2025-05-30,0.899,4.38
2025-06-03,0.904,2.06
2025-06-04,0.912,1.57
2025-06-05,0.919,1.88
2025-06-06,0.918,1.39
2025-06-09,0.927,2.1
2025-06-10,0.919,2.14
2025-06-11,0.923,2.19
2025-06-12,0.924,1.05
2025-06-13,0.912,1.93
2025-06-16,0.918,1.61
2025-06-17,0.916,1.77
2025-06-18,0.915,1.35
2025-06-19,0.904,2.21
2025-06-20,0.897,3.03
2025-06-23,0.908,2.71
2025-06-24,0.925,2.83
2025-06-25,0.939,3.11
2025-06-26,0.935,3.5
2025-06-27,0.938,2.52
2025-06-30,0.95,3.13
2025-07-01,0.953,2.11
2025-07-02,0.944,2.09
2025-07-03,0.948,1.91
2025-07-04,0.945,1.81
2025-07-07,0.946,0.88
2025-07-08,0.959,2.22
2025-07-09,0.956,2.41
2025-07-10,0.958,2.01
2025-07-11,0.967,3.7
2025-07-14,0.967,2.57
2025-07-15,0.963,2.18
2025-07-16,0.967,1.92
2025-07-17,0.979,1.61
2025-07-18,0.981,1.59
2025-07-21,0.989,3.47
2025-07-22,0.995,1.63
2025-07-23,0.991,2.1
2025-07-24,1.004,2.78
2025-07-25,1.003,2.24
2025-07-28,1.006,3.46
2025-07-29,1.015,1.97
2025-07-30,1.006,2.62
2025-07-31,0.999,2.13
2025-08-01,0.998,2.04
2025-08-04,1.01,2.12
2025-08-05,1.016,1.83
2025-08-06,1.026,2.96
2025-08-07,1.027,2.76
2025-08-08,1.024,1.45
2025-08-11,1.038,4.44
2025-08-12,1.042,2.13
2025-08-13,1.057,3.28
2025-08-14,1.045,3.36
2025-08-15,1.067,3.83
2025-08-18,1.082,4.84
2025-08-19,1.083,2.82
2025-08-20,1.095,4.38
2025-08-21,1.085,4.62
2025-08-22,1.104,3.85
2025-08-25,1.118,3.79
2025-08-26,1.118,1.9
2025-08-27,1.098,2.98
2025-08-28,1.113,4.98
2025-08-29,1.112,2.9
2025-09-01,1.124,2.12
2025-09-02,1.095,3.71
2025-09-03,1.079,3.42
2025-09-04,1.054,7.26
2025-09-05,1.084,4.17
2025-09-08,1.093,6.24
2025-09-09,1.081,1.91
2025-09-10,1.081,2.66
2025-09-11,1.11,3.32
2025-09-12,1.11,2.56
2025-09-15,1.109,1.99
2025-09-16,1.121,1.8
2025-09-17,1.131,2.19
2025-09-18,1.116,3.68
2025-09-19,1.112,1.7
2025-09-22,1.122,1.35
2025-09-23,1.108,2.33
2025-09-24,1.127,2.21
2025-09-25,1.123,2.04
2025-09-26,1.108,1.59
2025-09-29,1.122,3.25
2025-09-30,1.133,2.12
2025-10-09,1.143,2.28
2025-10-10,1.128,2.77
2025-10-13,1.124,2.94
2025-10-14,1.105,2.75
2025-10-15,1.12,2.34
2025-10-16,1.108,2.15
2025-10-17,1.077,2.94
2025-10-20,1.083,2.05
2025-10-21,1.098,3.28
2025-10-22,1.095,1.77
2025-10-23,1.096,2.28
2025-10-24,1.113,2.3
2025-10-27,1.121,2.76
2025-10-28,1.119,1.64
2025-10-29,1.134,1.92
2025-10-30,1.123,2.38
2025-10-31,1.124,2.88
2025-11-03,1.128,2.66
2025-11-04,1.113,1.86
2025-11-05,1.119,1.93
2025-11-06,1.131,1.2
2025-11-07,1.13,1.02
2025-11-10,1.132,1.13
2025-11-11,1.129,1.34
2025-11-12,1.123,1.41
2025-11-13,1.138,1.8
2025-11-14,1.123,1.82
2025-11-17,1.126,1.44
2025-11-18,1.117,2.18
2025-11-19,1.107,2.36
2025-11-20,1.1,2.24
2025-11-21,1.06,5.29
2025-11-24,1.072,3.15
2025-11-25,1.086,4.44
2025-11-26,1.086,2.09
2025-11-27,1.087,1.39
2025-11-28,1.098,0.99
2025-12-01,1.105,1.61
2025-12-02,1.096,1.17
2025-12-03,1.086,1.31
2025-12-04,1.088,1.39
2025-12-05,1.102,2.77
2025-12-08,1.112,2.19
2025-12-09,1.105,1.29
2025-12-10,1.11,2.06
2025-12-11,1.098,2.51
2025-12-12,1.106,2.9
2025-12-15,1.098,1.46
2025-12-16,1.079,1.83
2025-12-17,1.094,2.45
2025-12-18,1.092,1.58
2025-12-19,1.101,1.84
2025-12-22,1.111,1.48
2025-12-23,1.109,1.16
2025-12-24,1.127,1.73
2025-12-25,1.136,2.01
2025-12-26,1.14,4.15
2025-12-29,1.138,2.32
2025-12-30,1.139,1.61
2025-12-31,1.139,2.22
2026-01-05,1.165,2.14
2026-01-06,1.181,2.78
2026-01-07,1.184,3.04
2026-01-08,1.195,1.84
2026-01-09,1.222,4.72
2026-01-12,1.259,5.7
2026-01-13,1.233,5.21
2026-01-14,1.236,9.48
2026-01-15,1.236,5.27
2026-01-16,1.233,10.35
2026-01-19,1.236,11.66
2026-01-20,1.226,8.57
2026-01-21,1.237,30.02
2026-01-22,1.246,10.68
2026-01-23,3.402,25.27
2026-01-26,3.344,20.18
